﻿<?xml version="1.0" encoding="utf-8"?>
<abapGit version="v1.0.0" serializer="LCL_OBJECT_FUGR" serializer_version="v1.0.0">
 <asx:abap xmlns:asx="http://www.sap.com/abapxml" version="1.0">
  <asx:values>
   <AREAT>SD推送到共享函数组</AREAT>
   <INCLUDES>
    <SOBJ_NAME>LZSDFG008F01</SOBJ_NAME>
    <SOBJ_NAME>LZSDFG008TOP</SOBJ_NAME>
    <SOBJ_NAME>SAPLZSDFG008</SOBJ_NAME>
   </INCLUDES>
   <FUNCTIONS>
    <item>
     <FUNCNAME>ZSDFU020</FUNCNAME>
     <REMOTE_CALL>R</REMOTE_CALL>
     <SHORT_TEXT>认领订单推送</SHORT_TEXT>
     <IMPORT>
      <RSIMP>
       <PARAMETER>I_VBELN</PARAMETER>
       <OPTIONAL>X</OPTIONAL>
       <TYP>VBELN</TYP>
      </RSIMP>
     </IMPORT>
     <EXPORT>
      <RSEXP>
       <PARAMETER>O_HEADER</PARAMETER>
       <DBFIELD>ZSDS017</DBFIELD>
      </RSEXP>
      <RSEXP>
       <PARAMETER>E_CODE</PARAMETER>
       <TYP>MSGTY</TYP>
      </RSEXP>
      <RSEXP>
       <PARAMETER>E_MSG</PARAMETER>
       <TYP>MSGTXT</TYP>
      </RSEXP>
     </EXPORT>
     <TABLES>
      <RSTBL>
       <PARAMETER>OT_ITEM</PARAMETER>
       <DBSTRUCT>ZSDS018</DBSTRUCT>
       <OPTIONAL>X</OPTIONAL>
      </RSTBL>
     </TABLES>
     <DOCUMENTATION>
      <RSFDO>
       <PARAMETER>I_VBELN</PARAMETER>
       <KIND>P</KIND>
       <STEXT>销售和分销凭证号</STEXT>
      </RSFDO>
      <RSFDO>
       <PARAMETER>O_HEADER</PARAMETER>
       <KIND>P</KIND>
       <STEXT>认领订单推送-销售订单抬头数据-结构</STEXT>
      </RSFDO>
      <RSFDO>
       <PARAMETER>E_CODE</PARAMETER>
       <KIND>P</KIND>
       <STEXT>消息类型</STEXT>
      </RSFDO>
      <RSFDO>
       <PARAMETER>E_MSG</PARAMETER>
       <KIND>P</KIND>
       <STEXT>处理消息</STEXT>
      </RSFDO>
      <RSFDO>
       <PARAMETER>OT_ITEM</PARAMETER>
       <KIND>P</KIND>
       <STEXT>认领订单推送-销售订单行项目数据结构</STEXT>
      </RSFDO>
     </DOCUMENTATION>
    </item>
    <item>
     <FUNCNAME>ZSDFU021</FUNCNAME>
     <REMOTE_CALL>R</REMOTE_CALL>
     <SHORT_TEXT>认领发票推送</SHORT_TEXT>
     <IMPORT>
      <RSIMP>
       <PARAMETER>I_VBELN</PARAMETER>
       <OPTIONAL>X</OPTIONAL>
       <TYP>VBELN_VF</TYP>
      </RSIMP>
      <RSIMP>
       <PARAMETER>I_VBELN_BQX</PARAMETER>
       <OPTIONAL>X</OPTIONAL>
       <TYP>CHAR01</TYP>
      </RSIMP>
     </IMPORT>
     <EXPORT>
      <RSEXP>
       <PARAMETER>O_HEADER</PARAMETER>
       <DBFIELD>ZSDS019</DBFIELD>
      </RSEXP>
      <RSEXP>
       <PARAMETER>E_CODE</PARAMETER>
       <TYP>MSGTY</TYP>
      </RSEXP>
      <RSEXP>
       <PARAMETER>E_MSG</PARAMETER>
       <TYP>MSGTXT</TYP>
      </RSEXP>
     </EXPORT>
     <TABLES>
      <RSTBL>
       <PARAMETER>OT_ITEM</PARAMETER>
       <DBSTRUCT>ZSDS020</DBSTRUCT>
       <OPTIONAL>X</OPTIONAL>
      </RSTBL>
     </TABLES>
     <DOCUMENTATION>
      <RSFDO>
       <PARAMETER>I_VBELN</PARAMETER>
       <KIND>P</KIND>
       <STEXT>开票凭证</STEXT>
      </RSFDO>
      <RSFDO>
       <PARAMETER>I_VBELN_BQX</PARAMETER>
       <KIND>P</KIND>
       <STEXT>被取消发票重发</STEXT>
      </RSFDO>
      <RSFDO>
       <PARAMETER>O_HEADER</PARAMETER>
       <KIND>P</KIND>
       <STEXT>认领发票推送-销售发票抬头数据-结构</STEXT>
      </RSFDO>
      <RSFDO>
       <PARAMETER>E_CODE</PARAMETER>
       <KIND>P</KIND>
       <STEXT>消息类型</STEXT>
      </RSFDO>
      <RSFDO>
       <PARAMETER>E_MSG</PARAMETER>
       <KIND>P</KIND>
       <STEXT>处理消息</STEXT>
      </RSFDO>
      <RSFDO>
       <PARAMETER>OT_ITEM</PARAMETER>
       <KIND>P</KIND>
       <STEXT>认领发票推送-销售发票行项目数据结构</STEXT>
      </RSFDO>
     </DOCUMENTATION>
    </item>
   </FUNCTIONS>
  </asx:values>
 </asx:abap>
</abapGit>
